symbol,ts,side,entry,sl,tp,exit,outcome,bars_held,r_value,r_net,score,atr_pct
BTCUSDT,1776675900000,long,74910.0,74524.553571,75873.616071,75156.2,time,60,0.639,0.406,100,0.206
BTCUSDT,1776716400000,long,76390.0,76123.125,77057.1875,76123.125,sl,9,-1.0,-1.343,100,0.14
BTCUSDT,1776823800000,long,76697.9,76356.310714,77551.873214,77551.873214,tp,9,2.5,2.231,100,0.178
BTCUSDT,1776834900000,long,77876.7,77541.271429,78715.271429,77968.4,time,60,0.273,-0.005,100,0.172
BTCUSDT,1776837000000,long,78041.7,77504.075,79385.7625,78068.1,time,60,0.049,-0.125,100,0.276
BTCUSDT,1776843600000,long,78018.8,77782.728571,78608.978571,78133.2,time,60,0.485,0.088,100,0.121
BTCUSDT,1776844800000,long,78008.8,77733.835714,78696.210714,78238.3,time,60,0.835,0.494,100,0.141
BTCUSDT,1776859800000,long,78370.5,78091.589286,79067.776786,78091.589286,sl,3,-1.0,-1.337,100,0.142
BTCUSDT,1776863700000,long,78390.1,78035.671429,79276.171429,79276.171429,tp,31,2.5,2.235,100,0.181
BTCUSDT,1776871800000,long,79030.9,78474.4,80422.15,78474.4,sl,57,-1.0,-1.17,100,0.282
BTCUSDT,1776925200000,long,78260.3,77995.496429,78922.308929,77995.496429,sl,15,-1.0,-1.355,100,0.135
BTCUSDT,1776995400000,long,78341.8,78024.317857,79135.505357,78024.317857,sl,17,-1.0,-1.296,100,0.162
BTCUSDT,1776996000000,long,78374.8,78047.817857,79192.255357,78047.817857,sl,10,-1.0,-1.288,100,0.167
BTCUSDT,1777035600000,long,78319.9,77996.739286,79127.801786,77996.739286,sl,10,-1.0,-1.291,100,0.165
BTCUSDT,1777083900000,long,77596.4,77476.489286,77896.176786,77476.489286,sl,31,-1.0,-1.777,100,0.062
BTCUSDT,1777086000000,long,77605.9,77505.292857,77857.417857,77505.292857,sl,5,-1.0,-1.926,100,0.052
BTCUSDT,1777088400000,long,77631.9,77540.632143,77860.069643,77540.632143,sl,16,-1.0,-2.021,100,0.047
BTCUSDT,1777110000000,long,77693.0,77601.142857,77922.642857,77601.142857,sl,20,-1.0,-2.015,100,0.047
BTCUSDT,1777110300000,long,77713.9,77616.275,77957.9625,77616.275,sl,19,-1.0,-1.955,100,0.05
BTCUSDT,1777111200000,long,77724.0,77603.714286,78024.714286,77603.714286,sl,16,-1.0,-1.775,100,0.062
BTCUSDT,1777155900000,long,77520.0,77413.678571,77785.803571,77413.678571,sl,25,-1.0,-1.875,100,0.055
BTCUSDT,1777156200000,long,77583.0,77466.053571,77875.366071,77466.053571,sl,21,-1.0,-1.796,100,0.06
BTCUSDT,1777189800000,long,78010.1,77903.171429,78277.421429,77903.171429,sl,21,-1.0,-1.875,100,0.055
BTCUSDT,1777192200000,long,78085.5,77976.982143,78356.794643,77976.982143,sl,2,-1.0,-1.863,100,0.056
BTCUSDT,1777192500000,long,78095.9,77974.185714,78400.185714,77974.185714,sl,3,-1.0,-1.77,100,0.062
BTCUSDT,1777241100000,long,78480.2,78001.396429,79677.208929,78001.396429,sl,5,-1.0,-1.197,100,0.244
BTCUSDT,1777241700000,long,78701.8,78169.389286,80032.826786,78169.389286,sl,3,-1.0,-1.177,100,0.271
BTCUSDT,1777336800000,long,77356.6,77096.117857,78007.805357,77096.117857,sl,10,-1.0,-1.356,100,0.135
BTCUSDT,1777345500000,short,76733.4,77060.596429,75915.408929,77060.596429,sl,28,-1.0,-1.281,100,0.171
BTCUSDT,1777374900000,short,76340.1,76516.010714,75900.323214,75900.323214,tp,36,2.5,1.979,100,0.092
BTCUSDT,1777375500000,short,76309.8,76507.907143,75814.532143,75814.532143,tp,35,2.5,2.038,100,0.104
BTCUSDT,1777381500000,short,76078.5,76335.0,75437.25,76335.0,sl,8,-1.0,-1.356,100,0.135
BTCUSDT,1777382100000,short,76084.8,76375.603571,75357.791071,76375.603571,sl,6,-1.0,-1.314,100,0.153
BTCUSDT,1777383000000,short,76150.3,76438.835714,75428.960714,76162.3,time,60,-0.042,-0.358,100,0.152
BTCUSDT,1777386300000,short,75800.2,76212.521429,74769.396429,76212.521429,sl,29,-1.0,-1.221,100,0.218
BTCUSDT,1777479300000,short,75864.4,76309.292857,74752.167857,75854.1,time,60,0.023,-0.181,100,0.235
BTCUSDT,1777485900000,short,74982.0,75507.785714,73667.535714,75507.785714,sl,10,-1.0,-1.171,100,0.28
BTCUSDT,1777683900000,long,78331.5,78152.392857,78779.267857,78152.392857,sl,43,-1.0,-1.525,100,0.091
BTCUSDT,1777684200000,long,78332.6,78155.046429,78776.483929,78155.046429,sl,42,-1.0,-1.529,100,0.091
BTCUSDT,1777685400000,long,78376.9,78204.310714,78808.373214,78204.310714,sl,20,-1.0,-1.545,100,0.088
BTCUSDT,1777686600000,long,78307.9,78150.9,78700.4,78150.9,sl,34,-1.0,-1.599,100,0.08
BTCUSDT,1777731900000,long,78383.3,78262.442857,78685.442857,78413.4,time,60,0.249,-0.529,100,0.062
BTCUSDT,1777737300000,long,78445.5,78353.214286,78676.214286,78353.214286,sl,23,-1.0,-2.02,100,0.047
BTCUSDT,1777737900000,long,78478.7,78377.271429,78732.271429,78377.271429,sl,12,-1.0,-1.928,100,0.052
BTCUSDT,1777738200000,long,78504.2,78400.503571,78763.441071,78400.503571,sl,6,-1.0,-1.908,100,0.053
BTCUSDT,1777791900000,long,78354.0,78215.696429,78699.758929,78699.758929,tp,55,2.5,1.82,100,0.071
BTCUSDT,1777795500000,long,78413.6,78271.403571,78769.091071,78769.091071,tp,44,2.5,1.838,100,0.073
BTCUSDT,1777800000000,long,78448.0,78346.875,78700.8125,78346.875,sl,20,-1.0,-1.931,100,0.052
BTCUSDT,1777800300000,long,78457.9,78354.489286,78716.426786,78354.489286,sl,19,-1.0,-1.91,100,0.053
BTCUSDT,1777800900000,long,78562.4,78437.489286,78874.676786,78437.489286,sl,5,-1.0,-1.755,100,0.064
BTCUSDT,1777845600000,long,79074.7,78814.235714,79725.860714,78814.235714,sl,15,-1.0,-1.364,100,0.132
BTCUSDT,1777846200000,long,79229.8,78880.55,80102.925,78880.55,sl,13,-1.0,-1.272,100,0.176
BTCUSDT,1777868100000,long,80464.2,80089.825,81400.1375,80089.825,sl,11,-1.0,-1.258,100,0.186
BTCUSDT,1777952100000,long,80813.3,80416.103571,81806.291071,80693.4,time,60,-0.302,-0.546,100,0.197
BTCUSDT,1777980900000,long,80972.3,80750.889286,81525.826786,81525.826786,tp,18,2.5,2.061,100,0.109
BTCUSDT,1778056200000,long,81673.4,81415.096429,82319.158929,82319.158929,tp,28,2.5,2.121,100,0.127
BTCUSDT,1778059800000,long,81883.9,81461.917857,82938.855357,81461.917857,sl,54,-1.0,-1.233,100,0.206
BTCUSDT,1778062200000,long,81990.3,81659.192857,82818.067857,81659.192857,sl,43,-1.0,-1.297,100,0.162
BTCUSDT,1778136600000,long,81360.0,81125.089286,81947.276786,81125.089286,sl,26,-1.0,-1.416,100,0.115
BTCUSDT,1778292000000,long,80391.0,80240.571429,80767.071429,80240.571429,sl,55,-1.0,-1.641,100,0.075
BTCUSDT,1778347500000,long,80784.7,80609.467857,81222.780357,80716.0,time,60,-0.392,-0.945,100,0.087
BTCUSDT,1778347800000,long,80816.9,80660.542857,81207.792857,80660.542857,sl,60,-1.0,-1.62,100,0.077
BTCUSDT,1778384100000,long,80828.4,80703.953571,81139.516071,80703.953571,sl,14,-1.0,-1.779,100,0.062
BTCUSDT,1778384700000,long,80784.2,80655.646429,81105.583929,80655.646429,sl,24,-1.0,-1.754,100,0.064
ETHUSDT,1776709800000,long,2329.18,2313.090714,2369.403214,2313.090714,sl,54,-1.0,-1.174,100,0.276
ETHUSDT,1776717900000,long,2335.05,2323.267857,2364.505357,2323.267857,sl,5,-1.0,-1.238,100,0.202
ETHUSDT,1776718800000,long,2340.52,2327.6825,2372.61375,2327.6825,sl,2,-1.0,-1.219,100,0.219
ETHUSDT,1776824100000,long,2344.78,2328.240714,2386.128214,2386.128214,tp,36,2.5,2.33,100,0.282
ETHUSDT,1776861900000,long,2400.12,2387.92,2430.62,2387.92,sl,47,-1.0,-1.236,100,0.203
ETHUSDT,1776864900000,long,2407.21,2390.838571,2448.138571,2390.838571,sl,11,-1.0,-1.176,100,0.272
ETHUSDT,1776872100000,long,2408.35,2386.110714,2463.948214,2386.110714,sl,14,-1.0,-1.13,100,0.369
ETHUSDT,1776934800000,short,2328.05,2338.857143,2301.032143,2320.93,time,60,0.659,0.4,100,0.186
ETHUSDT,1777005300000,short,2301.82,2312.030714,2276.293214,2312.030714,sl,15,-1.0,-1.271,100,0.177
ETHUSDT,1777043100000,short,2305.64,2320.770357,2267.814107,2320.770357,sl,7,-1.0,-1.183,100,0.262
ETHUSDT,1777137900000,short,2308.61,2315.663571,2290.976071,2315.663571,sl,43,-1.0,-1.393,100,0.122
ETHUSDT,1777203000000,long,2335.8,2332.433929,2344.215179,2332.433929,sl,8,-1.0,-1.833,100,0.058
ETHUSDT,1777235400000,long,2370.1,2362.675,2388.6625,2362.675,sl,5,-1.0,-1.383,100,0.125
ETHUSDT,1777241700000,long,2375.48,2358.674643,2417.493393,2358.674643,sl,3,-1.0,-1.17,100,0.283
ETHUSDT,1777278300000,short,2310.01,2319.224286,2286.974286,2319.224286,sl,6,-1.0,-1.301,100,0.16
ETHUSDT,1777297500000,short,2305.23,2316.462143,2277.149643,2316.462143,sl,10,-1.0,-1.246,100,0.195
ETHUSDT,1777376100000,short,2271.69,2280.322143,2250.109643,2280.322143,sl,26,-1.0,-1.316,100,0.152
ETHUSDT,1777383000000,short,2270.01,2282.865357,2237.871607,2282.865357,sl,3,-1.0,-1.212,100,0.227
ETHUSDT,1777442700000,long,2333.05,2324.864286,2353.514286,2324.864286,sl,6,-1.0,-1.342,100,0.14
ETHUSDT,1777468800000,short,2305.9,2318.023214,2275.591964,2275.591964,tp,27,2.5,2.272,100,0.21
ETHUSDT,1777475400000,short,2284.63,2297.356786,2252.813036,2252.813036,tp,35,2.5,2.285,100,0.223
ETHUSDT,1777485900000,short,2233.37,2254.637857,2180.200357,2254.637857,sl,43,-1.0,-1.126,100,0.381
ETHUSDT,1777486500000,short,2239.61,2264.295714,2177.895714,2264.295714,sl,41,-1.0,-1.109,100,0.441
ETHUSDT,1777487100000,short,2231.41,2258.570714,2163.508214,2258.570714,sl,40,-1.0,-1.099,100,0.487
ETHUSDT,1777523400000,short,2238.6,2249.482143,2211.394643,2249.482143,sl,24,-1.0,-1.247,100,0.194
ETHUSDT,1777526700000,short,2235.69,2245.938214,2210.069464,2245.938214,sl,2,-1.0,-1.262,100,0.183
ETHUSDT,1777589400000,short,2253.31,2259.838571,2236.988571,2259.838571,sl,14,-1.0,-1.414,100,0.116
ETHUSDT,1777642200000,long,2310.92,2297.248571,2345.098571,2297.248571,sl,28,-1.0,-1.203,100,0.237
ETHUSDT,1777643100000,long,2309.06,2294.792143,2344.729643,2305.79,time,60,-0.229,-0.423,100,0.247
ETHUSDT,1777643400000,long,2316.41,2301.427857,2353.865357,2301.427857,sl,9,-1.0,-1.186,100,0.259
ETHUSDT,1777735200000,long,2306.0,2302.0375,2315.90625,2309.54,time,60,0.893,0.195,100,0.069
ETHUSDT,1777737300000,long,2307.88,2304.376429,2316.638929,2304.376429,sl,23,-1.0,-1.79,100,0.061
ETHUSDT,1777737900000,long,2309.85,2305.883929,2319.765179,2305.883929,sl,15,-1.0,-1.699,100,0.069
ETHUSDT,1777738200000,long,2310.14,2306.054286,2320.354286,2306.054286,sl,14,-1.0,-1.679,100,0.071
ETHUSDT,1777738500000,long,2310.52,2306.309286,2321.046786,2306.309286,sl,13,-1.0,-1.658,100,0.073
ETHUSDT,1777750800000,long,2310.66,2307.408214,2318.789464,2318.789464,tp,23,2.5,1.647,100,0.056
ETHUSDT,1777774200000,short,2302.17,2308.936071,2285.254821,2308.936071,sl,58,-1.0,-1.408,100,0.118
ETHUSDT,1777775100000,short,2299.0,2305.019643,2283.950893,2305.019643,sl,52,-1.0,-1.458,100,0.105
ETHUSDT,1777781100000,short,2296.79,2301.307857,2285.495357,2301.307857,sl,3,-1.0,-1.61,100,0.079
ETHUSDT,1777800000000,long,2310.43,2306.972857,2319.072857,2319.072857,tp,3,2.5,1.698,100,0.06
ETHUSDT,1777800300000,long,2311.3,2307.582143,2320.594643,2320.594643,tp,2,2.5,1.754,100,0.064
ETHUSDT,1777800600000,long,2311.88,2307.8425,2321.97375,2321.97375,tp,1,2.5,1.813,100,0.07
ETHUSDT,1777807800000,long,2316.51,2311.718929,2328.487679,2328.487679,tp,8,2.5,1.92,100,0.083
ETHUSDT,1777808100000,long,2316.91,2311.617143,2330.142143,2330.142143,tp,7,2.5,1.975,100,0.091
ETHUSDT,1777808400000,long,2320.58,2314.888929,2334.807679,2329.16,time,60,1.508,1.018,100,0.098
ETHUSDT,1777809600000,long,2321.69,2313.841786,2341.310536,2324.16,time,60,0.315,-0.04,100,0.135
ETHUSDT,1777816800000,long,2324.12,2317.673571,2340.236071,2329.44,time,60,0.825,0.393,100,0.111
ETHUSDT,1777868100000,long,2393.71,2379.401071,2429.482321,2379.401071,sl,12,-1.0,-1.201,100,0.239
ETHUSDT,1777948500000,long,2373.54,2361.518571,2403.593571,2387.07,time,60,1.125,0.889,100,0.203
ETHUSDT,1777952100000,long,2380.59,2367.429286,2413.491786,2367.429286,sl,33,-1.0,-1.217,100,0.221
ETHUSDT,1777952400000,long,2384.0,2370.319643,2418.200893,2370.319643,sl,32,-1.0,-1.209,100,0.23
ETHUSDT,1778018400000,long,2377.58,2366.740714,2404.678214,2366.740714,sl,6,-1.0,-1.263,100,0.182
ETHUSDT,1778066100000,long,2415.88,2404.055,2445.4425,2404.055,sl,11,-1.0,-1.245,100,0.196
ETHUSDT,1778066400000,long,2418.14,2405.997143,2448.497143,2405.997143,sl,8,-1.0,-1.239,100,0.201
ETHUSDT,1778067900000,long,2410.5,2396.876786,2444.558036,2396.876786,sl,15,-1.0,-1.212,100,0.226
ETHUSDT,1778136900000,long,2338.39,2328.831071,2362.287321,2328.831071,sl,32,-1.0,-1.294,100,0.164
ETHUSDT,1778137200000,long,2339.2,2329.782143,2362.744643,2329.782143,sl,29,-1.0,-1.298,100,0.161
ETHUSDT,1778137800000,long,2344.57,2333.902143,2371.239643,2333.902143,sl,17,-1.0,-1.264,100,0.182
ETHUSDT,1778174700000,short,2288.32,2301.271786,2255.940536,2301.271786,sl,6,-1.0,-1.212,100,0.226
ETHUSDT,1778205000000,short,2284.49,2292.204286,2265.204286,2265.204286,tp,15,2.5,2.145,100,0.135
ETHUSDT,1778205600000,short,2278.97,2288.675357,2254.706607,2270.96,time,60,0.825,0.544,100,0.17
ETHUSDT,1778205900000,short,2277.07,2287.17,2251.82,2268.56,time,60,0.843,0.572,100,0.177
ETHUSDT,1778209200000,short,2270.65,2284.203571,2236.766071,2284.203571,sl,15,-1.0,-1.201,100,0.239
ETHUSDT,1778209500000,short,2269.07,2283.418214,2233.199464,2283.418214,sl,14,-1.0,-1.19,100,0.253
ETHUSDT,1778223900000,short,2270.96,2280.3975,2247.36625,2280.3975,sl,8,-1.0,-1.289,100,0.166
ETHUSDT,1778351100000,long,2335.81,2329.076071,2352.644821,2329.076071,sl,4,-1.0,-1.416,100,0.115
ETHUSDT,1778431500000,long,2349.81,2338.776071,2377.394821,2338.776071,sl,47,-1.0,-1.256,100,0.188
ETHUSDT,1778433000000,long,2349.42,2338.827143,2375.902143,2338.827143,sl,42,-1.0,-1.266,100,0.18
BNBUSDT,1776676500000,long,625.2,622.692857,631.467857,625.29,time,60,0.036,-0.263,100,0.16
BNBUSDT,1776705300000,long,629.26,627.106429,634.643929,629.28,time,60,0.009,-0.341,100,0.137
BNBUSDT,1776710400000,long,629.83,627.624643,635.343393,628.32,time,60,-0.685,-1.027,100,0.14
BNBUSDT,1776759600000,long,633.86,632.140357,638.159107,638.159107,tp,25,2.5,2.058,100,0.109
BNBUSDT,1776759900000,long,634.44,632.6775,638.84625,638.84625,tp,26,2.5,2.068,100,0.111
BNBUSDT,1776765600000,long,636.55,634.864286,640.764286,634.864286,sl,14,-1.0,-1.453,100,0.106
BNBUSDT,1776767400000,long,638.18,636.363929,642.720179,636.363929,sl,6,-1.0,-1.422,100,0.114
BNBUSDT,1776823800000,long,634.67,632.591429,639.866429,639.866429,tp,8,2.5,2.134,100,0.131
BNBUSDT,1776832500000,long,639.86,638.595714,643.020714,643.020714,tp,9,2.5,1.893,100,0.079
BNBUSDT,1776873600000,long,650.21,647.615357,656.696607,647.615357,sl,4,-1.0,-1.301,100,0.16
BNBUSDT,1776926100000,long,637.71,636.099286,641.736786,636.099286,sl,8,-1.0,-1.475,100,0.101
BNBUSDT,1776958200000,long,638.16,635.661786,644.405536,635.661786,sl,21,-1.0,-1.307,100,0.157
BNBUSDT,1777016700000,long,635.24,633.868571,638.668571,633.868571,sl,19,-1.0,-1.556,100,0.086
BNBUSDT,1777035900000,long,639.47,637.405714,644.630714,637.405714,sl,8,-1.0,-1.372,100,0.129
BNBUSDT,1777036200000,long,639.57,637.434286,644.909286,637.434286,sl,7,-1.0,-1.359,100,0.134
BNBUSDT,1777085100000,long,637.18,636.3425,639.27375,636.3425,sl,32,-1.0,-1.913,100,0.053
BNBUSDT,1777085700000,long,637.36,636.502857,639.502857,636.502857,sl,25,-1.0,-1.892,100,0.054
BNBUSDT,1777121700000,short,632.76,633.929643,629.835893,629.835893,tp,24,2.5,1.851,100,0.074
BNBUSDT,1777122000000,short,632.65,633.808929,629.752679,629.752679,tp,23,2.5,1.845,100,0.073
BNBUSDT,1777122900000,short,633.11,634.226071,630.319821,630.319821,tp,20,2.5,1.819,100,0.071
BNBUSDT,1777125600000,short,632.01,633.217143,628.992143,628.992143,tp,12,2.5,1.872,100,0.076
BNBUSDT,1777126200000,short,631.56,632.7725,628.52875,628.52875,tp,29,2.5,1.875,100,0.077
BNBUSDT,1777136400000,short,628.85,630.630357,624.399107,629.29,time,60,-0.247,-0.671,100,0.113
BNBUSDT,1777137900000,short,627.81,629.683214,623.126964,629.53,time,60,-0.918,-1.32,100,0.119
BNBUSDT,1777138200000,short,627.45,629.358929,622.677679,629.358929,sl,42,-1.0,-1.394,100,0.122
BNBUSDT,1777139400000,short,627.28,628.674643,623.793393,628.674643,sl,11,-1.0,-1.54,100,0.089
BNBUSDT,1777237200000,long,634.99,633.800714,637.963214,633.800714,sl,6,-1.0,-1.641,100,0.075
BNBUSDT,1777237500000,long,635.05,633.892857,637.942857,633.892857,sl,5,-1.0,-1.659,100,0.073
BNBUSDT,1777237800000,long,635.56,634.3475,638.59125,634.3475,sl,4,-1.0,-1.629,100,0.076
BNBUSDT,1777240200000,long,634.9,633.053571,639.516071,638.23,time,60,1.803,1.391,100,0.116
BNBUSDT,1777240500000,long,635.43,633.283571,640.796071,638.37,time,60,1.37,1.014,100,0.135
BNBUSDT,1777298100000,short,625.09,626.941786,620.460536,626.941786,sl,8,-1.0,-1.405,100,0.118
BNBUSDT,1777298400000,short,625.0,626.926786,620.183036,626.926786,sl,7,-1.0,-1.389,100,0.123
BNBUSDT,1777302000000,short,623.28,626.096071,616.239821,623.69,time,60,-0.146,-0.411,100,0.181
BNBUSDT,1777302600000,short,623.68,626.690714,616.153214,623.47,time,60,0.07,-0.179,100,0.193
BNBUSDT,1777302900000,short,621.15,624.410714,612.998214,623.58,time,60,-0.745,-0.974,100,0.21
BNBUSDT,1777345500000,short,623.69,625.284643,619.703393,625.284643,sl,14,-1.0,-1.469,100,0.102
BNBUSDT,1777361400000,short,622.75,624.785714,617.660714,624.785714,sl,9,-1.0,-1.367,100,0.131
BNBUSDT,1777373700000,short,622.23,623.4175,619.26125,619.26125,tp,42,2.5,1.871,100,0.076
BNBUSDT,1777375500000,short,621.72,623.105714,618.255714,623.105714,sl,28,-1.0,-1.538,100,0.089
BNBUSDT,1777376100000,short,621.17,622.698571,617.348571,622.698571,sl,14,-1.0,-1.488,100,0.098
BNBUSDT,1777385700000,short,620.47,623.028929,614.072679,623.028929,sl,31,-1.0,-1.291,100,0.165
BNBUSDT,1777386000000,short,620.15,622.646429,613.908929,622.646429,sl,30,-1.0,-1.298,100,0.161
BNBUSDT,1777470000000,short,620.55,622.289286,616.201786,622.289286,sl,9,-1.0,-1.428,100,0.112
BNBUSDT,1777471500000,short,620.68,622.758571,615.483571,615.483571,tp,21,2.5,2.142,100,0.134
BNBUSDT,1777474800000,short,620.17,621.92,615.795,615.795,tp,10,2.5,2.075,100,0.113
BNBUSDT,1777523400000,short,615.01,616.138571,612.188571,616.138571,sl,16,-1.0,-1.654,100,0.073
BNBUSDT,1777671600000,short,617.0,618.210714,613.973214,613.973214,tp,21,2.5,1.888,100,0.078
BNBUSDT,1777673400000,short,616.56,617.501071,614.207321,617.501071,sl,2,-1.0,-1.786,100,0.061
BNBUSDT,1777774200000,short,615.27,616.345,612.5825,616.345,sl,40,-1.0,-1.687,100,0.07
BNBUSDT,1777775700000,short,615.34,616.343571,612.831071,616.343571,sl,35,-1.0,-1.736,100,0.065
BNBUSDT,1777867200000,long,627.62,625.12,633.87,633.87,tp,2,2.5,2.199,100,0.159
BNBUSDT,1777897800000,short,622.4,623.739286,619.051786,623.739286,sl,10,-1.0,-1.558,100,0.086
BNBUSDT,1777952100000,long,626.6,624.573214,631.666964,627.12,time,60,0.257,-0.114,100,0.129
BNBUSDT,1777959300000,long,627.78,626.237143,631.637143,626.237143,sl,8,-1.0,-1.488,100,0.098
BNBUSDT,1777968000000,long,627.99,626.504286,631.704286,626.504286,sl,12,-1.0,-1.507,100,0.095
BNBUSDT,1777981200000,long,628.39,627.229286,631.291786,631.291786,tp,17,2.5,1.85,100,0.074
BNBUSDT,1777984200000,long,629.72,628.575357,632.581607,632.581607,tp,7,2.5,1.84,100,0.073
BNBUSDT,1777984800000,long,629.9,628.751786,632.770536,632.770536,tp,5,2.5,1.842,100,0.073
BNBUSDT,1778011200000,long,632.06,630.574286,635.774286,630.574286,sl,32,-1.0,-1.511,100,0.094
BNBUSDT,1778066400000,long,650.0,646.753571,658.116071,658.116071,tp,14,2.5,2.26,100,0.2
BNBUSDT,1778136000000,long,647.79,646.104286,652.004286,652.004286,tp,11,2.5,2.039,100,0.104
BNBUSDT,1778137500000,long,647.98,646.049643,652.805893,652.805893,tp,7,2.5,2.097,100,0.119
BNBUSDT,1778238600000,long,639.88,638.283571,643.871071,638.283571,sl,24,-1.0,-1.481,100,0.1
BNBUSDT,1778243400000,long,639.95,638.326786,644.008036,638.326786,sl,8,-1.0,-1.473,100,0.101
BNBUSDT,1778261400000,long,645.62,643.189643,651.695893,650.34,time,60,1.942,1.623,100,0.151
BNBUSDT,1778262000000,long,645.71,643.31,651.71,650.82,time,60,2.129,1.806,100,0.149
BNBUSDT,1778271000000,long,647.91,646.217143,652.142143,646.217143,sl,8,-1.0,-1.459,100,0.105
BNBUSDT,1778364600000,long,651.03,649.799643,654.105893,649.799643,sl,14,-1.0,-1.635,100,0.076
BNBUSDT,1778402700000,long,650.13,648.724643,653.643393,648.724643,sl,31,-1.0,-1.555,100,0.086
BNBUSDT,1778406000000,long,651.33,649.756786,655.263036,649.756786,sl,7,-1.0,-1.497,100,0.097
BNBUSDT,1778433300000,long,658.14,655.865,663.8275,655.865,sl,39,-1.0,-1.347,100,0.138
BNBUSDT,1778440200000,long,660.17,657.696786,666.353036,657.696786,sl,16,-1.0,-1.32,100,0.15
BNBUSDT,1778441400000,long,662.01,659.683214,667.826964,659.683214,sl,9,-1.0,-1.341,100,0.141
XRPUSDT,1776735300000,long,1.4289,1.423418,1.442605,1.423418,sl,5,-1.0,-1.313,100,0.153
XRPUSDT,1776759900000,long,1.4411,1.433832,1.45927,1.433832,sl,48,-1.0,-1.238,100,0.202
XRPUSDT,1776762900000,long,1.4435,1.43575,1.462875,1.43575,sl,34,-1.0,-1.224,100,0.215
XRPUSDT,1776910200000,short,1.4222,1.427914,1.407914,1.421,time,60,0.21,-0.089,100,0.161
XRPUSDT,1776910500000,short,1.4221,1.427886,1.407636,1.421,time,60,0.19,-0.105,100,0.163
XRPUSDT,1776911100000,short,1.4188,1.424961,1.403398,1.4213,time,60,-0.406,-0.682,100,0.174
XRPUSDT,1776911400000,short,1.4172,1.423629,1.401129,1.423629,sl,46,-1.0,-1.265,100,0.181
XRPUSDT,1776911700000,short,1.4162,1.4227,1.39995,1.4227,sl,42,-1.0,-1.261,100,0.184
XRPUSDT,1776934800000,short,1.4151,1.419368,1.40443,1.419368,sl,42,-1.0,-1.398,100,0.121
XRPUSDT,1776938700000,short,1.4114,1.416775,1.397962,1.416775,sl,20,-1.0,-1.315,100,0.152
XRPUSDT,1776939000000,short,1.4085,1.414089,1.394527,1.414089,sl,17,-1.0,-1.302,100,0.159
XRPUSDT,1776959700000,long,1.4309,1.422668,1.45148,1.422668,sl,21,-1.0,-1.209,100,0.23
XRPUSDT,1776961200000,long,1.4313,1.423407,1.451032,1.423407,sl,16,-1.0,-1.218,100,0.221
XRPUSDT,1776965400000,long,1.4348,1.424425,1.460738,1.424425,sl,1,-1.0,-1.166,100,0.289
XRPUSDT,1776966600000,long,1.4301,1.415261,1.467198,1.4379,time,60,0.526,0.41,100,0.415
XRPUSDT,1776966900000,long,1.4342,1.418432,1.47362,1.4354,time,60,0.076,-0.033,100,0.44
XRPUSDT,1777006800000,short,1.4271,1.431689,1.415627,1.431689,sl,11,-1.0,-1.373,100,0.129
XRPUSDT,1777036200000,long,1.4405,1.434393,1.455768,1.434393,sl,4,-1.0,-1.283,100,0.17
XRPUSDT,1777085100000,short,1.4332,1.436093,1.425968,1.436093,sl,13,-1.0,-1.595,100,0.081
XRPUSDT,1777125600000,short,1.4291,1.431671,1.422671,1.422671,tp,31,2.5,1.833,100,0.072
XRPUSDT,1777145700000,short,1.4186,1.421296,1.411859,1.421296,sl,16,-1.0,-1.631,100,0.076
XRPUSDT,1777166700000,short,1.4197,1.421611,1.414923,1.421611,sl,13,-1.0,-1.892,100,0.054
XRPUSDT,1777168500000,short,1.4186,1.421064,1.412439,1.421064,sl,4,-1.0,-1.691,100,0.069
XRPUSDT,1777233600000,long,1.4304,1.425971,1.441471,1.425971,sl,18,-1.0,-1.388,100,0.124
XRPUSDT,1777235400000,long,1.4312,1.428093,1.438968,1.428093,sl,2,-1.0,-1.553,100,0.087
XRPUSDT,1777259700000,long,1.4427,1.437254,1.456316,1.437254,sl,21,-1.0,-1.318,100,0.151
XRPUSDT,1777302000000,short,1.3961,1.406029,1.371279,1.3919,time,60,0.423,0.254,100,0.284
XRPUSDT,1777302900000,short,1.3885,1.399821,1.360196,1.3929,time,60,-0.389,-0.536,100,0.326
XRPUSDT,1777348800000,short,1.3906,1.394064,1.381939,1.394064,sl,13,-1.0,-1.482,100,0.1
XRPUSDT,1777381500000,short,1.3771,1.382511,1.363573,1.382511,sl,7,-1.0,-1.305,100,0.157
XRPUSDT,1777381800000,short,1.3769,1.382704,1.362391,1.382704,sl,7,-1.0,-1.285,100,0.169
XRPUSDT,1777481400000,short,1.3619,1.370454,1.340516,1.370454,sl,58,-1.0,-1.191,100,0.251
XRPUSDT,1777484700000,short,1.3645,1.370357,1.349857,1.349857,tp,4,2.5,2.22,100,0.172
XRPUSDT,1777486500000,short,1.3491,1.360171,1.321421,1.360171,sl,24,-1.0,-1.146,100,0.328
XRPUSDT,1777526400000,short,1.3621,1.367189,1.349377,1.367189,sl,14,-1.0,-1.321,100,0.149
XRPUSDT,1777526700000,short,1.3602,1.365593,1.346718,1.365593,sl,2,-1.0,-1.303,100,0.159
XRPUSDT,1777528800000,short,1.3619,1.367204,1.348641,1.367204,sl,6,-1.0,-1.308,100,0.156
XRPUSDT,1777774200000,short,1.382,1.385268,1.37383,1.385268,sl,57,-1.0,-1.507,100,0.095
XRPUSDT,1777777200000,short,1.3812,1.38395,1.374325,1.38395,sl,18,-1.0,-1.603,100,0.08
XRPUSDT,1777846500000,long,1.4009,1.394382,1.417195,1.394382,sl,12,-1.0,-1.258,100,0.186
XRPUSDT,1777866000000,long,1.4107,1.403307,1.429182,1.403307,sl,33,-1.0,-1.229,100,0.21
XRPUSDT,1777868100000,long,1.4187,1.412521,1.434146,1.412521,sl,12,-1.0,-1.276,100,0.174
XRPUSDT,1777907100000,long,1.4051,1.394921,1.430546,1.394921,sl,3,-1.0,-1.166,100,0.29
XRPUSDT,1777947600000,long,1.3993,1.394871,1.410371,1.4058,time,60,1.468,1.089,100,0.127
XRPUSDT,1777947900000,long,1.3994,1.395186,1.409936,1.4064,time,60,1.661,1.263,100,0.12
XRPUSDT,1777948200000,long,1.3998,1.395729,1.409979,1.4077,time,60,1.94,1.528,100,0.116
XRPUSDT,1777950300000,long,1.3996,1.394421,1.412546,1.4067,time,60,1.371,1.047,100,0.148
XRPUSDT,1777950600000,long,1.4024,1.397221,1.415346,1.4071,time,60,0.908,0.583,100,0.148
XRPUSDT,1777951200000,long,1.4033,1.398193,1.416068,1.4067,time,60,0.666,0.336,100,0.146
XRPUSDT,1777952100000,long,1.4057,1.399968,1.42003,1.399968,sl,14,-1.0,-1.294,100,0.163
XRPUSDT,1777965000000,long,1.4048,1.399461,1.418148,1.4074,time,60,0.487,0.171,100,0.152
XRPUSDT,1778021400000,long,1.4158,1.408104,1.435041,1.408104,sl,23,-1.0,-1.221,100,0.217
XRPUSDT,1778056200000,long,1.4345,1.427089,1.453027,1.453027,tp,28,2.5,2.268,100,0.207
XRPUSDT,1778057400000,long,1.4406,1.432314,1.461314,1.432314,sl,51,-1.0,-1.209,100,0.23
XRPUSDT,1778057700000,long,1.4423,1.433996,1.463059,1.433996,sl,50,-1.0,-1.208,100,0.23
XRPUSDT,1778067300000,long,1.4525,1.445179,1.470804,1.445179,sl,7,-1.0,-1.238,100,0.202
XRPUSDT,1778140800000,long,1.4194,1.414329,1.432079,1.414329,sl,12,-1.0,-1.336,100,0.143
XRPUSDT,1778174700000,short,1.3863,1.393336,1.368711,1.393336,sl,7,-1.0,-1.236,100,0.203
XRPUSDT,1778206500000,short,1.3796,1.383618,1.369555,1.383618,sl,3,-1.0,-1.412,100,0.116
XRPUSDT,1778351100000,long,1.424,1.420357,1.433107,1.420357,sl,4,-1.0,-1.469,100,0.102
XRPUSDT,1778400000000,long,1.4194,1.416096,1.427659,1.427659,tp,12,2.5,1.984,100,0.093
XRPUSDT,1778403300000,long,1.4263,1.421854,1.437416,1.421854,sl,28,-1.0,-1.385,100,0.125
XRPUSDT,1778405700000,long,1.4259,1.422293,1.434918,1.422293,sl,20,-1.0,-1.474,100,0.101
XRPUSDT,1778406300000,long,1.427,1.423446,1.435884,1.423446,sl,16,-1.0,-1.482,100,0.1
XRPUSDT,1778407800000,long,1.4289,1.4249,1.4389,1.4249,sl,5,-1.0,-1.429,100,0.112
XRPUSDT,1778423700000,long,1.4349,1.429739,1.447802,1.447802,tp,19,2.5,2.166,100,0.144
TONUSDT,1776773100000,short,1.3708,1.381425,1.344237,1.381425,sl,37,-1.0,-1.155,100,0.31
TONUSDT,1776897600000,short,1.366,1.371036,1.353411,1.371036,sl,7,-1.0,-1.326,100,0.147
TONUSDT,1776902400000,short,1.3603,1.364586,1.349586,1.364586,sl,1,-1.0,-1.381,100,0.126
TONUSDT,1776911100000,short,1.3482,1.353093,1.335968,1.353093,sl,7,-1.0,-1.331,100,0.145
TONUSDT,1776911400000,short,1.3469,1.35215,1.333775,1.35215,sl,6,-1.0,-1.308,100,0.156
TONUSDT,1776915000000,short,1.3404,1.347668,1.32223,1.347668,sl,10,-1.0,-1.221,100,0.217
TONUSDT,1776917400000,short,1.3448,1.3518,1.3273,1.3518,sl,10,-1.0,-1.231,100,0.208
TONUSDT,1776943800000,short,1.3301,1.335689,1.316127,1.3287,time,60,0.25,-0.035,100,0.168
TONUSDT,1776947100000,short,1.3308,1.335657,1.318657,1.318657,tp,26,2.5,2.171,100,0.146
TONUSDT,1776948300000,short,1.3252,1.329932,1.31337,1.329932,sl,39,-1.0,-1.336,100,0.143
TONUSDT,1776949800000,short,1.3256,1.331279,1.311404,1.331279,sl,34,-1.0,-1.28,100,0.171
TONUSDT,1776952800000,short,1.3225,1.328982,1.306295,1.328982,sl,24,-1.0,-1.245,100,0.196
TONUSDT,1776953100000,short,1.3218,1.328407,1.305282,1.328407,sl,23,-1.0,-1.24,100,0.2
TONUSDT,1776955500000,short,1.3206,1.326564,1.305689,1.326564,sl,12,-1.0,-1.266,100,0.181
TONUSDT,1776957000000,short,1.3225,1.328232,1.30817,1.328232,sl,10,-1.0,-1.277,100,0.173
TONUSDT,1776992100000,short,1.3276,1.333618,1.312555,1.312555,tp,9,2.5,2.235,100,0.181
TONUSDT,1776997200000,short,1.311,1.318821,1.291446,1.318821,sl,2,-1.0,-1.201,100,0.239
TONUSDT,1777001700000,short,1.3128,1.324264,1.284139,1.324264,sl,21,-1.0,-1.137,100,0.349
TONUSDT,1777002000000,short,1.3125,1.324161,1.283348,1.324161,sl,20,-1.0,-1.135,100,0.355
TONUSDT,1777104000000,long,1.3554,1.348364,1.372989,1.348364,sl,8,-1.0,-1.231,100,0.208
TONUSDT,1777133100000,short,1.3227,1.328343,1.308593,1.308593,tp,21,2.5,2.219,100,0.171
TONUSDT,1777134300000,short,1.3241,1.329457,1.310707,1.310707,tp,17,2.5,2.203,100,0.162
TONUSDT,1777140600000,short,1.3115,1.317321,1.296946,1.317321,sl,27,-1.0,-1.27,100,0.178
TONUSDT,1777170000000,short,1.3048,1.3093,1.29355,1.3093,sl,13,-1.0,-1.348,100,0.138
TONUSDT,1777171200000,short,1.3039,1.308186,1.293186,1.308186,sl,7,-1.0,-1.365,100,0.131
TONUSDT,1777215000000,short,1.3082,1.313504,1.294941,1.3025,time,60,1.075,0.779,100,0.162
TONUSDT,1777217400000,short,1.3083,1.312961,1.296648,1.312961,sl,19,-1.0,-1.337,100,0.142
TONUSDT,1777218000000,short,1.3097,1.315075,1.296262,1.315075,sl,59,-1.0,-1.292,100,0.164
TONUSDT,1777218600000,short,1.3087,1.314254,1.294816,1.314254,sl,56,-1.0,-1.283,100,0.17
TONUSDT,1777223700000,short,1.3069,1.313007,1.291632,1.313007,sl,39,-1.0,-1.257,100,0.187
TONUSDT,1777231500000,short,1.3001,1.304939,1.288002,1.304939,sl,6,-1.0,-1.322,100,0.149
TONUSDT,1777458600000,long,1.3307,1.316968,1.36503,1.316968,sl,37,-1.0,-1.116,100,0.413
TONUSDT,1777460700000,long,1.3319,1.318168,1.36623,1.318168,sl,27,-1.0,-1.116,100,0.412
TONUSDT,1777491900000,short,1.2985,1.307339,1.276402,1.307339,sl,6,-1.0,-1.176,100,0.272
TONUSDT,1777492500000,short,1.2965,1.304839,1.275652,1.304839,sl,4,-1.0,-1.187,100,0.257
TONUSDT,1777523400000,short,1.3062,1.312593,1.290218,1.312593,sl,36,-1.0,-1.245,100,0.196
TONUSDT,1777550400000,short,1.3053,1.3113,1.2903,1.3113,sl,20,-1.0,-1.261,100,0.184
TONUSDT,1777622400000,long,1.3433,1.336389,1.360577,1.3405,time,60,-0.405,-0.638,100,0.206
TONUSDT,1777680600000,short,1.3155,1.320161,1.303848,1.320161,sl,41,-1.0,-1.339,100,0.142
TONUSDT,1777680900000,short,1.3143,1.318979,1.302604,1.318979,sl,39,-1.0,-1.337,100,0.142
TONUSDT,1777681500000,short,1.3119,1.317168,1.29873,1.317168,sl,35,-1.0,-1.299,100,0.161
TONUSDT,1777708500000,long,1.3266,1.323529,1.334279,1.334279,tp,34,2.5,1.982,100,0.093
TONUSDT,1777708800000,long,1.3286,1.324886,1.337886,1.324886,sl,12,-1.0,-1.429,100,0.112
TONUSDT,1777723800000,long,1.3356,1.329154,1.351716,1.329154,sl,23,-1.0,-1.249,100,0.193
TONUSDT,1777749300000,long,1.3394,1.335293,1.349668,1.3419,time,60,0.609,0.217,100,0.123
TONUSDT,1777750200000,long,1.3423,1.337443,1.354443,1.3418,time,60,-0.103,-0.435,100,0.145
TONUSDT,1777751400000,long,1.342,1.337571,1.353071,1.3384,time,60,-0.813,-1.177,100,0.132
TONUSDT,1777751700000,long,1.3422,1.337682,1.353495,1.337682,sl,59,-1.0,-1.357,100,0.135
TONUSDT,1777759200000,long,1.3449,1.340382,1.356195,1.340382,sl,15,-1.0,-1.357,100,0.134
TONUSDT,1777759800000,long,1.3454,1.340525,1.357587,1.340525,sl,13,-1.0,-1.331,100,0.145
TONUSDT,1777829400000,long,1.3469,1.342721,1.357346,1.357346,tp,49,2.5,2.113,100,0.124
TONUSDT,1777839600000,long,1.3511,1.348243,1.358243,1.348243,sl,38,-1.0,-1.567,100,0.085
TONUSDT,1777839900000,long,1.3516,1.348636,1.359011,1.348636,sl,15,-1.0,-1.547,100,0.088
TONUSDT,1777840200000,long,1.3525,1.349268,1.36058,1.349268,sl,3,-1.0,-1.502,100,0.096
TONUSDT,1777840800000,long,1.3511,1.347171,1.360921,1.347171,sl,34,-1.0,-1.413,100,0.116
TONUSDT,1777841400000,long,1.3511,1.347118,1.361055,1.347118,sl,32,-1.0,-1.407,100,0.118
TONUSDT,1777841700000,long,1.3521,1.347564,1.363439,1.347564,sl,31,-1.0,-1.358,100,0.134
TONUSDT,1777842600000,long,1.3527,1.347682,1.365245,1.347682,sl,28,-1.0,-1.323,100,0.148
TONUSDT,1777844100000,long,1.3557,1.350325,1.369137,1.350325,sl,1,-1.0,-1.303,100,0.159
TONUSDT,1777859100000,long,1.3616,1.355493,1.376868,1.376868,tp,14,2.5,2.232,100,0.179
TONUSDT,1777859700000,long,1.3664,1.360043,1.382293,1.382293,tp,39,2.5,2.242,100,0.186
TONUSDT,1777860000000,long,1.3669,1.360275,1.383463,1.383463,tp,38,2.5,2.252,100,0.194
TONUSDT,1777861200000,long,1.3685,1.36175,1.385375,1.385375,tp,34,2.5,2.257,100,0.197
TONUSDT,1777907100000,long,1.4223,1.386568,1.51163,1.4446,time,60,0.624,0.576,100,1.005
TONUSDT,1777907400000,long,1.4241,1.385029,1.521779,1.4517,time,60,0.706,0.663,100,1.097
TONUSDT,1777922100000,long,1.4599,1.441489,1.505927,1.441489,sl,3,-1.0,-1.095,100,0.504
TONUSDT,1777926900000,long,1.465,1.446446,1.511384,1.511384,tp,5,2.5,2.405,100,0.507
TONUSDT,1777934400000,long,1.5712,1.516004,1.709191,1.709191,tp,26,2.5,2.466,100,1.405
TONUSDT,1777934700000,long,1.5974,1.541775,1.736462,1.736462,tp,25,2.5,2.466,100,1.393
TONUSDT,1777935000000,long,1.598,1.541839,1.738402,1.738402,tp,24,2.5,2.466,100,1.406
TONUSDT,1777935600000,long,1.6252,1.568111,1.767923,1.767923,tp,23,2.5,2.466,100,1.405
TONUSDT,1777936800000,long,1.6353,1.572121,1.793246,1.793246,tp,20,2.5,2.469,100,1.545
TONUSDT,1777941300000,long,1.6795,1.619089,1.830527,1.830527,tp,23,2.5,2.467,100,1.439
TONUSDT,1777941600000,long,1.6847,1.623825,1.836888,1.836888,tp,23,2.5,2.467,100,1.445
TONUSDT,1777941900000,long,1.7061,1.643868,1.86168,1.7116,time,60,0.088,0.055,100,1.459
TONUSDT,1777967700000,long,1.8095,1.753625,1.949187,1.8613,time,60,0.927,0.888,100,1.235
TONUSDT,1777968300000,long,1.8242,1.767325,1.966387,1.767325,sl,9,-1.0,-1.038,100,1.247
TONUSDT,1777977900000,long,1.8464,1.781757,2.008007,1.781757,sl,41,-1.0,-1.034,100,1.4
TONUSDT,1777978800000,long,1.8852,1.817057,2.055557,1.817057,sl,7,-1.0,-1.033,100,1.446
TONUSDT,1778008200000,long,1.8798,1.839943,1.979443,1.979443,tp,21,2.5,2.443,100,0.848
TONUSDT,1778012400000,long,1.9065,1.847,2.05525,2.05525,tp,56,2.5,2.462,100,1.248
TONUSDT,1778013300000,long,1.934,1.876839,2.076902,2.023,time,60,1.557,1.516,100,1.182
TONUSDT,1778013600000,long,1.9496,1.887029,2.106029,2.0615,time,60,1.788,1.751,100,1.284
TONUSDT,1778018700000,long,2.0039,1.929882,2.188945,1.929882,sl,25,-1.0,-1.032,100,1.477
TONUSDT,1778045400000,long,2.1794,2.095168,2.38998,2.095168,sl,4,-1.0,-1.031,100,1.546
TONUSDT,1778121900000,long,2.6539,2.512721,3.006846,2.7783,time,60,0.881,0.859,100,2.128
TONUSDT,1778127000000,long,2.7605,2.637679,3.067554,2.637679,sl,49,-1.0,-1.027,100,1.78
TONUSDT,1778127900000,long,2.802,2.694411,3.070973,2.694411,sl,45,-1.0,-1.031,100,1.536
TONUSDT,1778129700000,long,2.8164,2.694543,3.121043,2.694543,sl,39,-1.0,-1.028,100,1.731
TONUSDT,1778131500000,long,2.8717,2.7567,3.1592,2.7567,sl,7,-1.0,-1.03,100,1.602
TONUSDT,1778136900000,long,2.8759,2.760329,3.164829,2.760329,sl,5,-1.0,-1.03,100,1.607
TONUSDT,1778179800000,long,2.6691,2.550225,2.966287,2.7077,time,60,0.325,0.298,100,1.781
TONUSDT,1778198400000,long,2.7405,2.663125,2.933938,2.663125,sl,9,-1.0,-1.043,100,1.129
TONUSDT,1778304900000,long,2.6175,2.563964,2.751339,2.563964,sl,18,-1.0,-1.059,100,0.818
TONUSDT,1778459400000,long,2.4726,2.427314,2.585814,2.427314,sl,10,-1.0,-1.066,100,0.733
LINKUSDT,1776710400000,long,9.318,9.261929,9.458179,9.261929,sl,58,-1.0,-1.199,100,0.241
LINKUSDT,1776711300000,long,9.327,9.270929,9.467179,9.270929,sl,52,-1.0,-1.2,100,0.24
LINKUSDT,1776716400000,long,9.349,9.31025,9.445875,9.31025,sl,11,-1.0,-1.29,100,0.166
LINKUSDT,1776717900000,long,9.349,9.308821,9.449446,9.308821,sl,6,-1.0,-1.279,100,0.172
LINKUSDT,1776735000000,long,9.335,9.295179,9.434554,9.295179,sl,6,-1.0,-1.281,100,0.171
LINKUSDT,1776753000000,long,9.366,9.32975,9.456625,9.32975,sl,6,-1.0,-1.31,100,0.155
LINKUSDT,1776834900000,long,9.524,9.480071,9.633821,9.480071,sl,39,-1.0,-1.26,100,0.184
LINKUSDT,1776835500000,long,9.524,9.473643,9.649893,9.473643,sl,37,-1.0,-1.227,100,0.211
LINKUSDT,1776835800000,long,9.53,9.475536,9.666161,9.475536,sl,36,-1.0,-1.21,100,0.229
LINKUSDT,1776911100000,short,9.198,9.24425,9.082375,9.24425,sl,47,-1.0,-1.239,100,0.201
LINKUSDT,1776918000000,short,9.17,9.208929,9.072679,9.208929,sl,8,-1.0,-1.283,100,0.17
LINKUSDT,1776937500000,short,9.174,9.2115,9.08025,9.2115,sl,14,-1.0,-1.294,100,0.164
LINKUSDT,1776939000000,short,9.164,9.202929,9.066679,9.202929,sl,7,-1.0,-1.282,100,0.17
LINKUSDT,1776958200000,long,9.344,9.285786,9.489536,9.285786,sl,18,-1.0,-1.193,100,0.249
LINKUSDT,1777036200000,long,9.374,9.334893,9.471768,9.334893,sl,4,-1.0,-1.288,100,0.167
LINKUSDT,1777083000000,long,9.411,9.386893,9.471268,9.402,time,60,-0.373,-0.842,100,0.102
LINKUSDT,1777141200000,short,9.289,9.316857,9.219357,9.316857,sl,24,-1.0,-1.4,100,0.12
LINKUSDT,1777187700000,long,9.409,9.386321,9.465696,9.465696,tp,50,2.5,2.002,100,0.096
LINKUSDT,1777190100000,long,9.415,9.395536,9.463661,9.463661,tp,42,2.5,1.92,100,0.083
LINKUSDT,1777192200000,long,9.427,9.40575,9.480125,9.447,time,60,0.941,0.409,100,0.09
LINKUSDT,1777192500000,long,9.429,9.40525,9.488375,9.444,time,60,0.632,0.155,100,0.101
LINKUSDT,1777195200000,long,9.432,9.409321,9.488696,9.466,time,60,1.499,1.0,100,0.096
LINKUSDT,1777201500000,long,9.436,9.419214,9.477964,9.477964,tp,5,2.5,1.825,100,0.071
LINKUSDT,1777202400000,long,9.462,9.443071,9.509321,9.443071,sl,14,-1.0,-1.6,100,0.08
LINKUSDT,1777204800000,long,9.463,9.433357,9.537107,9.433357,sl,9,-1.0,-1.383,100,0.125
LINKUSDT,1777213500000,long,9.472,9.441107,9.549232,9.441107,sl,30,-1.0,-1.368,100,0.13
LINKUSDT,1777214400000,long,9.478,9.447286,9.554786,9.447286,sl,27,-1.0,-1.37,100,0.13
LINKUSDT,1777281600000,short,9.319,9.351321,9.238196,9.309,time,60,0.309,-0.037,100,0.139
LINKUSDT,1777302900000,short,9.2,9.2775,9.00625,9.211,time,60,-0.142,-0.284,100,0.337
LINKUSDT,1777377900000,short,9.189,9.226679,9.094804,9.226679,sl,9,-1.0,-1.293,100,0.164
LINKUSDT,1777468500000,short,9.261,9.311179,9.135554,9.135554,tp,23,2.5,2.279,100,0.217
LINKUSDT,1777523400000,short,9.047,9.083786,8.955036,9.083786,sl,13,-1.0,-1.295,100,0.163
LINKUSDT,1777526700000,short,9.036,9.071536,8.947161,9.071536,sl,2,-1.0,-1.305,100,0.157
LINKUSDT,1777588500000,short,9.091,9.111893,9.038768,9.111893,sl,11,-1.0,-1.522,100,0.092
LINKUSDT,1777589400000,short,9.083,9.105143,9.027643,9.105143,sl,8,-1.0,-1.492,100,0.098
LINKUSDT,1777590300000,short,9.083,9.105143,9.027643,9.105143,sl,5,-1.0,-1.492,100,0.098
LINKUSDT,1777675500000,short,9.083,9.110143,9.015143,9.110143,sl,29,-1.0,-1.402,100,0.12
LINKUSDT,1777679400000,short,9.084,9.105964,9.029089,9.105964,sl,12,-1.0,-1.496,100,0.097
LINKUSDT,1777779600000,short,9.082,9.09825,9.041375,9.09825,sl,9,-1.0,-1.671,100,0.072
LINKUSDT,1777783200000,short,9.089,9.10525,9.048375,9.10525,sl,28,-1.0,-1.671,100,0.072
LINKUSDT,1777866300000,long,9.337,9.283964,9.469589,9.283964,sl,32,-1.0,-1.211,100,0.227
LINKUSDT,1777890600000,long,9.426,9.256536,9.849661,9.453,time,60,0.159,0.093,100,0.719
LINKUSDT,1777952100000,long,9.509,9.455786,9.642036,9.558,time,60,0.921,0.706,100,0.224
LINKUSDT,1777956300000,long,9.534,9.496679,9.627304,9.496679,sl,19,-1.0,-1.307,100,0.157
LINKUSDT,1777960200000,long,9.551,9.500286,9.677786,9.500286,sl,6,-1.0,-1.226,100,0.212
LINKUSDT,1778013300000,long,9.778,9.728179,9.902554,9.817,time,60,0.783,0.547,100,0.204
LINKUSDT,1778018400000,long,9.83,9.766607,9.988482,9.766607,sl,7,-1.0,-1.186,100,0.258
LINKUSDT,1778021400000,long,9.799,9.726857,9.979357,9.852,time,60,0.735,0.572,100,0.294
LINKUSDT,1778066100000,long,10.207,10.139143,10.376643,10.139143,sl,11,-1.0,-1.181,100,0.266
LINKUSDT,1778135400000,long,10.011,9.956893,10.146268,9.956893,sl,47,-1.0,-1.222,100,0.216
LINKUSDT,1778135700000,long,10.025,9.97,10.1625,9.97,sl,45,-1.0,-1.219,100,0.219
LINKUSDT,1778136900000,long,10.054,9.999536,10.190161,9.999536,sl,30,-1.0,-1.222,100,0.217
LINKUSDT,1778299500000,long,10.597,10.531464,10.760839,10.531464,sl,4,-1.0,-1.194,100,0.247
LINKUSDT,1778400000000,long,10.43,10.388393,10.534018,10.534018,tp,18,2.5,2.199,100,0.16
LINKUSDT,1778401200000,long,10.463,10.412286,10.589786,10.412286,sl,36,-1.0,-1.248,100,0.194
LINKUSDT,1778401800000,long,10.484,10.434,10.609,10.434,sl,34,-1.0,-1.252,100,0.191
AVAXUSDT,1776719700000,long,9.369,9.297571,9.547571,9.297571,sl,22,-1.0,-1.157,100,0.305
AVAXUSDT,1776731400000,short,9.283,9.320679,9.188804,9.320679,sl,3,-1.0,-1.296,100,0.162
AVAXUSDT,1776737400000,short,9.28,9.323214,9.171964,9.323214,sl,34,-1.0,-1.258,100,0.186
AVAXUSDT,1776770400000,long,9.448,9.401393,9.564518,9.401393,sl,9,-1.0,-1.243,100,0.197
AVAXUSDT,1776911100000,short,9.283,9.334964,9.153089,9.334964,sl,31,-1.0,-1.214,100,0.224
AVAXUSDT,1776914400000,short,9.254,9.304714,9.127214,9.304714,sl,15,-1.0,-1.219,100,0.219
AVAXUSDT,1776916800000,short,9.261,9.307964,9.143589,9.307964,sl,7,-1.0,-1.237,100,0.203
AVAXUSDT,1777188000000,long,9.422,9.398607,9.480482,9.480482,tp,49,2.5,2.017,100,0.099
AVAXUSDT,1777189800000,long,9.426,9.405286,9.477786,9.405286,sl,6,-1.0,-1.546,100,0.088
AVAXUSDT,1777190100000,long,9.427,9.407179,9.476554,9.407179,sl,5,-1.0,-1.571,100,0.084
AVAXUSDT,1777192200000,long,9.44,9.416071,9.499821,9.499821,tp,35,2.5,2.027,100,0.101
AVAXUSDT,1777197900000,long,9.441,9.41975,9.494125,9.494125,tp,16,2.5,1.967,100,0.09
AVAXUSDT,1777277100000,short,9.235,9.270357,9.146607,9.239,time,60,-0.113,-0.427,100,0.153
AVAXUSDT,1777469400000,short,9.185,9.236071,9.057321,9.236071,sl,13,-1.0,-1.216,100,0.222
AVAXUSDT,1777475100000,short,9.154,9.209179,9.016054,9.016054,tp,36,2.5,2.301,100,0.241
AVAXUSDT,1777475400000,short,9.128,9.187286,8.979786,9.187286,sl,34,-1.0,-1.185,100,0.26
AVAXUSDT,1777476600000,short,9.158,9.217286,9.009786,9.009786,tp,31,2.5,2.315,100,0.259
AVAXUSDT,1777526700000,short,9.066,9.109214,8.957964,9.109214,sl,2,-1.0,-1.252,100,0.191
AVAXUSDT,1777615500000,short,9.113,9.132821,9.063446,9.063446,tp,9,2.5,1.948,100,0.087
AVAXUSDT,1777617000000,short,9.104,9.122214,9.058464,9.122214,sl,21,-1.0,-1.6,100,0.08
AVAXUSDT,1777617900000,short,9.084,9.109179,9.021054,9.109179,sl,17,-1.0,-1.433,100,0.111
AVAXUSDT,1777620900000,short,9.085,9.121786,8.993036,9.121786,sl,8,-1.0,-1.296,100,0.162
AVAXUSDT,1777671600000,short,9.099,9.131679,9.017304,9.103,time,60,-0.122,-0.457,100,0.144
AVAXUSDT,1777680000000,short,9.082,9.105571,9.023071,9.105571,sl,18,-1.0,-1.462,100,0.104
AVAXUSDT,1777780800000,short,9.027,9.052714,8.962714,9.052714,sl,33,-1.0,-1.421,100,0.114
AVAXUSDT,1777782300000,short,9.025,9.046429,8.971429,9.046429,sl,28,-1.0,-1.505,100,0.095
AVAXUSDT,1777856400000,short,9.029,9.089,8.879,9.089,sl,6,-1.0,-1.181,100,0.266
AVAXUSDT,1777867200000,long,9.316,9.25725,9.462875,9.25725,sl,17,-1.0,-1.19,100,0.252
AVAXUSDT,1777867500000,long,9.317,9.259679,9.460304,9.259679,sl,15,-1.0,-1.195,100,0.246
AVAXUSDT,1777868100000,long,9.362,9.300214,9.516464,9.300214,sl,11,-1.0,-1.182,100,0.264
AVAXUSDT,1777888800000,short,9.169,9.265964,8.926589,9.265964,sl,59,-1.0,-1.113,100,0.423
AVAXUSDT,1777917000000,long,9.263,9.204071,9.410321,9.204071,sl,21,-1.0,-1.189,100,0.254
AVAXUSDT,1777947600000,long,9.279,9.233464,9.392839,9.354,time,60,1.647,1.403,100,0.196
AVAXUSDT,1777951200000,long,9.28,9.233393,9.396518,9.345,time,60,1.395,1.156,100,0.201
AVAXUSDT,1777952100000,long,9.294,9.248643,9.407393,9.328,time,60,0.75,0.504,100,0.195
AVAXUSDT,1777959300000,long,9.297,9.261286,9.386286,9.386286,tp,55,2.5,2.188,100,0.154
AVAXUSDT,1777959900000,long,9.28,9.240179,9.379554,9.379554,tp,53,2.5,2.22,100,0.172
AVAXUSDT,1777960200000,long,9.292,9.250571,9.395571,9.395571,tp,55,2.5,2.231,100,0.178
AVAXUSDT,1777961400000,long,9.292,9.25575,9.382625,9.382625,tp,48,2.5,2.192,100,0.156
AVAXUSDT,1777963500000,long,9.302,9.271286,9.378786,9.378786,tp,41,2.5,2.137,100,0.132
AVAXUSDT,1777963800000,long,9.308,9.278893,9.380768,9.380768,tp,40,2.5,2.116,100,0.125
AVAXUSDT,1777968600000,long,9.347,9.310929,9.437179,9.437179,tp,57,2.5,2.189,100,0.154
AVAXUSDT,1778018400000,long,9.472,9.4145,9.61575,9.4145,sl,6,-1.0,-1.198,100,0.243
AVAXUSDT,1778019900000,long,9.449,9.400607,9.569982,9.400607,sl,2,-1.0,-1.234,100,0.205
AVAXUSDT,1778037600000,long,9.519,9.468286,9.645786,9.601,time,60,1.617,1.392,100,0.213
AVAXUSDT,1778037900000,long,9.539,9.484714,9.674714,9.484714,sl,26,-1.0,-1.211,100,0.228
AVAXUSDT,1778064600000,long,9.737,9.679857,9.879857,9.679857,sl,27,-1.0,-1.204,100,0.235
AVAXUSDT,1778131500000,long,9.586,9.534036,9.715911,9.534036,sl,9,-1.0,-1.221,100,0.217
AVAXUSDT,1778136900000,long,9.659,9.602214,9.800964,9.602214,sl,29,-1.0,-1.204,100,0.235
AVAXUSDT,1778137800000,long,9.672,9.611821,9.822446,9.611821,sl,26,-1.0,-1.193,100,0.249
AVAXUSDT,1778140500000,long,9.681,9.629929,9.808679,9.629929,sl,13,-1.0,-1.227,100,0.211
AVAXUSDT,1778260500000,long,9.763,9.7055,9.90675,9.90675,tp,15,2.5,2.296,100,0.236
AVAXUSDT,1778261100000,long,9.771,9.711357,9.920107,9.920107,tp,13,2.5,2.303,100,0.244
AVAXUSDT,1778261400000,long,9.843,9.772821,10.018446,9.939,time,60,1.368,1.2,100,0.285
AVAXUSDT,1778263200000,long,9.825,9.739107,10.039732,9.915,time,60,1.048,0.911,100,0.35
AVAXUSDT,1778299500000,long,10.024,9.970786,10.157036,9.970786,sl,7,-1.0,-1.226,100,0.212
AVAXUSDT,1778355300000,long,9.969,9.935607,10.052482,9.935607,sl,47,-1.0,-1.358,100,0.134
AVAXUSDT,1778355600000,long,9.974,9.940786,10.057036,9.940786,sl,10,-1.0,-1.36,100,0.133
AVAXUSDT,1778356500000,long,9.986,9.953143,10.068143,9.953143,sl,5,-1.0,-1.365,100,0.132
AVAXUSDT,1778400000000,long,9.955,9.887321,10.124196,10.005,time,60,0.739,0.562,100,0.272
AVAXUSDT,1778427900000,long,10.143,10.063357,10.342107,10.342107,tp,20,2.5,2.347,100,0.314
AVAXUSDT,1778433300000,long,10.29,10.187321,10.546696,10.187321,sl,41,-1.0,-1.12,100,0.399
AVAXUSDT,1778435400000,long,10.347,10.245393,10.601018,10.245393,sl,32,-1.0,-1.122,100,0.393
AVAXUSDT,1778440200000,long,10.41,10.32625,10.619375,10.32625,sl,13,-1.0,-1.149,100,0.322
AVAXUSDT,1778440500000,long,10.431,10.346,10.6435,10.346,sl,12,-1.0,-1.147,100,0.326
AVAXUSDT,1778441400000,long,10.476,10.386893,10.698768,10.386893,sl,8,-1.0,-1.141,100,0.34
AVAXUSDT,1778442300000,long,10.462,10.376464,10.675839,10.376464,sl,6,-1.0,-1.147,100,0.327
